txn_id,customer_id,amount,currency,status,description,txn_ts
1001,501,199.99,INR,APPROVED,Fuel purchase at BP,2025-08-01T10:15:00
1002,502,49.50,INR,DECLINED,Coffee shop,2025-08-02T09:05:22
1003,501,1250.00,INR,APPROVED,Online electronics,2025-08-03T14:33:10
1004,503,75.00,INR,APPROVED,Monthly subscription,2025-08-05T11:00:00
1005,504,600.25,INR,PENDING,Hotel reservation,2025-08-10T18:45:30
1006,505,20.00,INR,APPROVED,Snacks and drinks,2025-08-12T12:10:05
1007,506,350.00,INR,APPROVED,Fuel top-up,2025-08-13T08:20:59
1008,507,15.75,INR,DECLINED,Parking fee,2025-08-14T19:12:43
1009,508,5000.00,INR,APPROVED,Flight booking,2025-08-15T07:55:10
1010,509,299.00,INR,APPROVED,Grocery at local store,2025-08-16T16:40:00
