
[
{
"source":"isee",
"cart_id":"123",
"sng_did":"5067ed7e6c20ba11ce23fd8bb2de9524e0a40c61a3cc462da44a1241ca37e54c0d0c32cecf4f4af132235d8092588476",
"event_type":"add",
"Item_type":"unknown",
"event_uuid":"8e6381d5-63b6-4111-812b-066a322fc083",
"item_confidence_score":0.9,
"cart_event_time":1738161136799,
"cart_confidence_score":0.9,
"location":"shelf1",
"create_ts":1738161136810,
"date":"2025-01-29",
"store_id":8299,
"global_id":"829940621519",
"person_global_id":"82990001",
"id":null,
"item_event_time":1738161136799,
"person_event_time":1740621520640,
"person_confidence_score":0.9,
"track_id":"1-130",
"approach":0
},
{
"source":"isee",
"cart_id":"123",
"sng_did":"5067ed7e6c20ba11ce23fd8bb2de9524e0a40c61a3cc462da44a1241ca37e54c0d0c32cecf4f4af132235d8092588476",
"event_type":"add",
"Item_type":"unknown",
"event_uuid":"8e6381d5-63b6-4111-812b-066a322fc083",
"item_confidence_score":0.9,
"cart_event_time":1738161136799,
"cart_confidence_score":0.9,
"location":"shelf1",
"create_ts":1738161136810,
"date":"2025-01-29",
"store_id":8299,
"global_id":"829940621519",
"person_global_id":"82990001",
"id":null,
"item_event_time":1738161136799,
"person_event_time":1740621520640,
"person_confidence_score":0.9,
"track_id":"1-130",
"approach":0
}
]
